<keymap version="1" name="Default copy" parent="$default">
  <action id="$EditorTranslateAction">
    <keyboard-shortcut first-keystroke="shift ctrl y" />
    <keyboard-shortcut first-keystroke="alt 1" />
  </action>
  <action id="ActivateProjectToolWindow" />
  <action id="CloseContent">
    <keyboard-shortcut first-keystroke="ctrl f4" />
    <keyboard-shortcut first-keystroke="ctrl w" />
  </action>
  <action id="CollapseDocComments">
    <keyboard-shortcut first-keystroke="ctrl alt 0" />
  </action>
  <action id="Editor EditorTranslateAction">
    <keyboard-shortcut first-keystroke="alt 1" />
  </action>
  <action id="EditorSelectWord" />
  <action id="ExpandDocComments">
    <keyboard-shortcut first-keystroke="ctrl alt 9" />
  </action>
</keymap>